WaktuID	Tanggal	Bulan	Tahun
1	1	1	2021
2	2	1	2021
3	3	1	2021
4	4	1	2021
5	5	1	2021
6	6	1	2021
7	7	1	2021
8	8	1	2021
9	9	1	2021
10	10	1	2021
11	11	1	2021
12	12	1	2021
13	13	1	2021
14	14	1	2021
15	15	1	2021
16	16	1	2021
17	17	1	2021
18	18	1	2021
19	19	1	2021
20	20	1	2021
21	21	1	2021
22	22	1	2021
23	23	1	2021
24	24	1	2021
25	25	1	2021
26	26	1	2021
27	27	1	2021
28	28	1	2021
29	29	1	2021
30	30	1	2021
31	31	1	2021
32	1	2	2021
33	2	2	2021
34	3	2	2021
35	4	2	2021
36	5	2	2021
37	6	2	2021
38	7	2	2021
39	8	2	2021
40	9	2	2021
41	10	2	2021
42	11	2	2021
43	12	2	2021
44	13	2	2021
45	14	2	2021
46	15	2	2021
47	16	2	2021
48	17	2	2021
49	18	2	2021
50	19	2	2021
51	20	2	2021
52	21	2	2021
53	22	2	2021
54	23	2	2021
55	24	2	2021
56	25	2	2021
57	26	2	2021
58	27	2	2021
59	28	2	2021
60	1	3	2021
61	2	3	2021
62	3	3	2021
63	4	3	2021
64	5	3	2021
65	6	3	2021
66	7	3	2021
67	8	3	2021
68	9	3	2021
69	10	3	2021
70	11	3	2021
71	12	3	2021
72	13	3	2021
73	14	3	2021
74	15	3	2021
75	16	3	2021
76	17	3	2021
77	18	3	2021
78	19	3	2021
79	20	3	2021
80	21	3	2021
81	22	3	2021
82	23	3	2021
83	24	3	2021
84	25	3	2021
85	26	3	2021
86	27	3	2021
87	28	3	2021
88	29	3	2021
89	30	3	2021
90	31	3	2021
91	1	4	2021
92	2	4	2021
93	3	4	2021
94	4	4	2021
95	5	4	2021
96	6	4	2021
97	7	4	2021
98	8	4	2021
99	9	4	2021
100	10	4	2021
101	11	4	2021
102	12	4	2021
103	13	4	2021
104	14	4	2021
105	15	4	2021
106	16	4	2021
107	17	4	2021
108	18	4	2021
109	19	4	2021
110	20	4	2021
111	21	4	2021
112	22	4	2021
113	23	4	2021
114	24	4	2021
115	25	4	2021
116	26	4	2021
117	27	4	2021
118	28	4	2021
119	29	4	2021
120	30	4	2021
121	1	5	2021
122	2	5	2021
123	3	5	2021
124	4	5	2021
125	5	5	2021
126	6	5	2021
127	7	5	2021
128	8	5	2021
129	9	5	2021
130	10	5	2021
131	11	5	2021
132	12	5	2021
133	13	5	2021
134	14	5	2021
135	15	5	2021
136	16	5	2021
137	17	5	2021
138	18	5	2021
139	19	5	2021
140	20	5	2021
141	21	5	2021
142	22	5	2021
143	23	5	2021
144	24	5	2021
145	25	5	2021
146	26	5	2021
147	27	5	2021
148	28	5	2021
149	29	5	2021
150	30	5	2021
151	31	5	2021
152	1	6	2021
153	2	6	2021
154	3	6	2021
155	4	6	2021
156	5	6	2021
157	6	6	2021
158	7	6	2021
159	8	6	2021
160	9	6	2021
161	10	6	2021
162	11	6	2021
163	12	6	2021
164	13	6	2021
165	14	6	2021
166	15	6	2021
167	16	6	2021
168	17	6	2021
169	18	6	2021
170	19	6	2021
171	20	6	2021
172	21	6	2021
173	22	6	2021
174	23	6	2021
175	24	6	2021
176	25	6	2021
177	26	6	2021
178	27	6	2021
179	28	6	2021
180	29	6	2021
181	30	6	2021
182	1	7	2021
183	2	7	2021
184	3	7	2021
185	4	7	2021
186	5	7	2021
187	6	7	2021
188	7	7	2021
189	8	7	2021
190	9	7	2021
191	10	7	2021
192	11	7	2021
193	12	7	2021
194	13	7	2021
195	14	7	2021
196	15	7	2021
197	16	7	2021
198	17	7	2021
199	18	7	2021
200	19	7	2021
201	20	7	2021
202	21	7	2021
203	22	7	2021
204	23	7	2021
205	24	7	2021
206	25	7	2021
207	26	7	2021
208	27	7	2021
209	28	7	2021
210	29	7	2021
211	30	7	2021
212	31	7	2021
213	1	8	2021
214	2	8	2021
215	3	8	2021
216	4	8	2021
217	5	8	2021
218	6	8	2021
219	7	8	2021
220	8	8	2021
221	9	8	2021
222	10	8	2021
223	11	8	2021
224	12	8	2021
225	13	8	2021
226	14	8	2021
227	15	8	2021
228	16	8	2021
229	17	8	2021
230	18	8	2021
231	19	8	2021
232	20	8	2021
233	21	8	2021
234	22	8	2021
235	23	8	2021
236	24	8	2021
237	25	8	2021
238	26	8	2021
239	27	8	2021
240	28	8	2021
241	29	8	2021
242	30	8	2021
243	31	8	2021
244	1	9	2021
245	2	9	2021
246	3	9	2021
247	4	9	2021
248	5	9	2021
249	6	9	2021
250	7	9	2021
251	8	9	2021
252	9	9	2021
253	10	9	2021
254	11	9	2021
255	12	9	2021
256	13	9	2021
257	14	9	2021
258	15	9	2021
259	16	9	2021
260	17	9	2021
261	18	9	2021
262	19	9	2021
263	20	9	2021
264	21	9	2021
265	22	9	2021
266	23	9	2021
267	24	9	2021
268	25	9	2021
269	26	9	2021
270	27	9	2021
271	28	9	2021
272	29	9	2021
273	30	9	2021
274	1	10	2021
275	2	10	2021
276	3	10	2021
277	4	10	2021
278	5	10	2021
279	6	10	2021
280	7	10	2021
281	8	10	2021
282	9	10	2021
283	10	10	2021
284	11	10	2021
285	12	10	2021
286	13	10	2021
287	14	10	2021
288	15	10	2021
289	16	10	2021
290	17	10	2021
291	18	10	2021
292	19	10	2021
293	20	10	2021
294	21	10	2021
295	22	10	2021
296	23	10	2021
297	24	10	2021
298	25	10	2021
299	26	10	2021
300	27	10	2021
301	28	10	2021
302	29	10	2021
303	30	10	2021
304	31	10	2021
305	1	11	2021
306	2	11	2021
307	3	11	2021
308	4	11	2021
309	5	11	2021
310	6	11	2021
311	7	11	2021
312	8	11	2021
313	9	11	2021
314	10	11	2021
315	11	11	2021
316	12	11	2021
317	13	11	2021
318	14	11	2021
319	15	11	2021
320	16	11	2021
321	17	11	2021
322	18	11	2021
323	19	11	2021
324	20	11	2021
325	21	11	2021
326	22	11	2021
327	23	11	2021
328	24	11	2021
329	25	11	2021
330	26	11	2021
331	27	11	2021
332	28	11	2021
333	29	11	2021
334	30	11	2021
335	1	12	2021
336	2	12	2021
337	3	12	2021
338	4	12	2021
339	5	12	2021
340	6	12	2021
341	7	12	2021
342	8	12	2021
343	9	12	2021
344	10	12	2021
345	11	12	2021
346	12	12	2021
347	13	12	2021
348	14	12	2021
349	15	12	2021
350	16	12	2021
351	17	12	2021
352	18	12	2021
353	19	12	2021
354	20	12	2021
355	21	12	2021
356	22	12	2021
357	23	12	2021
358	24	12	2021
359	25	12	2021
360	26	12	2021
361	27	12	2021
362	28	12	2021
363	29	12	2021
364	30	12	2021
365	31	12	2021
366	1	1	2022
367	2	1	2022
368	3	1	2022
369	4	1	2022
370	5	1	2022
371	6	1	2022
372	7	1	2022
373	8	1	2022
374	9	1	2022
375	10	1	2022
376	11	1	2022
377	12	1	2022
378	13	1	2022
379	14	1	2022
380	15	1	2022
381	16	1	2022
382	17	1	2022
383	18	1	2022
384	19	1	2022
385	20	1	2022
386	21	1	2022
387	22	1	2022
388	23	1	2022
389	24	1	2022
390	25	1	2022
391	26	1	2022
392	27	1	2022
393	28	1	2022
394	29	1	2022
395	30	1	2022
396	31	1	2022
397	1	2	2022
398	2	2	2022
399	3	2	2022
400	4	2	2022
401	5	2	2022
402	6	2	2022
403	7	2	2022
404	8	2	2022
405	9	2	2022
406	10	2	2022
407	11	2	2022
408	12	2	2022
409	13	2	2022
410	14	2	2022
411	15	2	2022
412	16	2	2022
413	17	2	2022
414	18	2	2022
415	19	2	2022
416	20	2	2022
417	21	2	2022
418	22	2	2022
419	23	2	2022
420	24	2	2022
421	25	2	2022
422	26	2	2022
423	27	2	2022
424	28	2	2022
425	1	3	2022
426	2	3	2022
427	3	3	2022
428	4	3	2022
429	5	3	2022
430	6	3	2022
431	7	3	2022
432	8	3	2022
433	9	3	2022
434	10	3	2022
435	11	3	2022
436	12	3	2022
437	13	3	2022
438	14	3	2022
439	15	3	2022
440	16	3	2022
441	17	3	2022
442	18	3	2022
443	19	3	2022
444	20	3	2022
445	21	3	2022
446	22	3	2022
447	23	3	2022
448	24	3	2022
449	25	3	2022
450	26	3	2022
451	27	3	2022
452	28	3	2022
453	29	3	2022
454	30	3	2022
455	31	3	2022
456	1	4	2022
457	2	4	2022
458	3	4	2022
459	4	4	2022
460	5	4	2022
461	6	4	2022
462	7	4	2022
463	8	4	2022
464	9	4	2022
465	10	4	2022
466	11	4	2022
467	12	4	2022
468	13	4	2022
469	14	4	2022
470	15	4	2022
471	16	4	2022
472	17	4	2022
473	18	4	2022
474	19	4	2022
475	20	4	2022
476	21	4	2022
477	22	4	2022
478	23	4	2022
479	24	4	2022
480	25	4	2022
481	26	4	2022
482	27	4	2022
483	28	4	2022
484	29	4	2022
485	30	4	2022
486	1	5	2022
487	2	5	2022
488	3	5	2022
489	4	5	2022
490	5	5	2022
491	6	5	2022
492	7	5	2022
493	8	5	2022
494	9	5	2022
495	10	5	2022
496	11	5	2022
497	12	5	2022
498	13	5	2022
499	14	5	2022
500	15	5	2022
501	16	5	2022
502	17	5	2022
503	18	5	2022
504	19	5	2022
505	20	5	2022
506	21	5	2022
507	22	5	2022
508	23	5	2022
509	24	5	2022
510	25	5	2022
511	26	5	2022
512	27	5	2022
513	28	5	2022
514	29	5	2022
515	30	5	2022
516	31	5	2022
517	1	6	2022
518	2	6	2022
519	3	6	2022
520	4	6	2022
521	5	6	2022
522	6	6	2022
523	7	6	2022
524	8	6	2022
525	9	6	2022
526	10	6	2022
527	11	6	2022
528	12	6	2022
529	13	6	2022
530	14	6	2022
531	15	6	2022
532	16	6	2022
533	17	6	2022
534	18	6	2022
535	19	6	2022
536	20	6	2022
537	21	6	2022
538	22	6	2022
539	23	6	2022
540	24	6	2022
541	25	6	2022
542	26	6	2022
543	27	6	2022
544	28	6	2022
545	29	6	2022
546	30	6	2022
547	1	7	2022
548	2	7	2022
549	3	7	2022
550	4	7	2022
551	5	7	2022
552	6	7	2022
553	7	7	2022
554	8	7	2022
555	9	7	2022
556	10	7	2022
557	11	7	2022
558	12	7	2022
559	13	7	2022
560	14	7	2022
561	15	7	2022
562	16	7	2022
563	17	7	2022
564	18	7	2022
565	19	7	2022
566	20	7	2022
567	21	7	2022
568	22	7	2022
569	23	7	2022
570	24	7	2022
571	25	7	2022
572	26	7	2022
573	27	7	2022
574	28	7	2022
575	29	7	2022
576	30	7	2022
577	31	7	2022
578	1	8	2022
579	2	8	2022
580	3	8	2022
581	4	8	2022
582	5	8	2022
583	6	8	2022
584	7	8	2022
585	8	8	2022
586	9	8	2022
587	10	8	2022
588	11	8	2022
589	12	8	2022
590	13	8	2022
591	14	8	2022
592	15	8	2022
593	16	8	2022
594	17	8	2022
595	18	8	2022
596	19	8	2022
597	20	8	2022
598	21	8	2022
599	22	8	2022
600	23	8	2022
601	24	8	2022
602	25	8	2022
603	26	8	2022
604	27	8	2022
605	28	8	2022
606	29	8	2022
607	30	8	2022
608	31	8	2022
609	1	9	2022
610	2	9	2022
611	3	9	2022
612	4	9	2022
613	5	9	2022
614	6	9	2022
615	7	9	2022
616	8	9	2022
617	9	9	2022
618	10	9	2022
619	11	9	2022
620	12	9	2022
621	13	9	2022
622	14	9	2022
623	15	9	2022
624	16	9	2022
625	17	9	2022
626	18	9	2022
627	19	9	2022
628	20	9	2022
629	21	9	2022
630	22	9	2022
631	23	9	2022
632	24	9	2022
633	25	9	2022
634	26	9	2022
635	27	9	2022
636	28	9	2022
637	29	9	2022
638	30	9	2022
639	1	10	2022
640	2	10	2022
641	3	10	2022
642	4	10	2022
643	5	10	2022
644	6	10	2022
645	7	10	2022
646	8	10	2022
647	9	10	2022
648	10	10	2022
649	11	10	2022
650	12	10	2022
651	13	10	2022
652	14	10	2022
653	15	10	2022
654	16	10	2022
655	17	10	2022
656	18	10	2022
657	19	10	2022
658	20	10	2022
659	21	10	2022
660	22	10	2022
661	23	10	2022
662	24	10	2022
663	25	10	2022
664	26	10	2022
665	27	10	2022
666	28	10	2022
667	29	10	2022
668	30	10	2022
669	31	10	2022
670	1	11	2022
671	2	11	2022
672	3	11	2022
673	4	11	2022
674	5	11	2022
675	6	11	2022
676	7	11	2022
677	8	11	2022
678	9	11	2022
679	10	11	2022
680	11	11	2022
681	12	11	2022
682	13	11	2022
683	14	11	2022
684	15	11	2022
685	16	11	2022
686	17	11	2022
687	18	11	2022
688	19	11	2022
689	20	11	2022
690	21	11	2022
691	22	11	2022
692	23	11	2022
693	24	11	2022
694	25	11	2022
695	26	11	2022
696	27	11	2022
697	28	11	2022
698	29	11	2022
699	30	11	2022
700	1	12	2022
701	2	12	2022
702	3	12	2022
703	4	12	2022
704	5	12	2022
705	6	12	2022
706	7	12	2022
707	8	12	2022
708	9	12	2022
709	10	12	2022
710	11	12	2022
711	12	12	2022
712	13	12	2022
713	14	12	2022
714	15	12	2022
715	16	12	2022
716	17	12	2022
717	18	12	2022
718	19	12	2022
719	20	12	2022
720	21	12	2022
721	22	12	2022
722	23	12	2022
723	24	12	2022
724	25	12	2022
725	26	12	2022
726	27	12	2022
727	28	12	2022
728	29	12	2022
729	30	12	2022
730	31	12	2022
731	1	1	2023
732	2	1	2023
733	3	1	2023
734	4	1	2023
735	5	1	2023
736	6	1	2023
737	7	1	2023
738	8	1	2023
739	9	1	2023
740	10	1	2023
741	11	1	2023
742	12	1	2023
743	13	1	2023
744	14	1	2023
745	15	1	2023
746	16	1	2023
747	17	1	2023
748	18	1	2023
749	19	1	2023
750	20	1	2023
751	21	1	2023
752	22	1	2023
753	23	1	2023
754	24	1	2023
755	25	1	2023
756	26	1	2023
757	27	1	2023
758	28	1	2023
759	29	1	2023
760	30	1	2023
761	31	1	2023
762	1	2	2023
763	2	2	2023
764	3	2	2023
765	4	2	2023
766	5	2	2023
767	6	2	2023
768	7	2	2023
769	8	2	2023
770	9	2	2023
771	10	2	2023
772	11	2	2023
773	12	2	2023
774	13	2	2023
775	14	2	2023
776	15	2	2023
777	16	2	2023
778	17	2	2023
779	18	2	2023
780	19	2	2023
781	20	2	2023
782	21	2	2023
783	22	2	2023
784	23	2	2023
785	24	2	2023
786	25	2	2023
787	26	2	2023
788	27	2	2023
789	28	2	2023
790	1	3	2023
791	2	3	2023
792	3	3	2023
793	4	3	2023
794	5	3	2023
795	6	3	2023
796	7	3	2023
797	8	3	2023
798	9	3	2023
799	10	3	2023
800	11	3	2023
801	12	3	2023
802	13	3	2023
803	14	3	2023
804	15	3	2023
805	16	3	2023
806	17	3	2023
807	18	3	2023
808	19	3	2023
809	20	3	2023
810	21	3	2023
811	22	3	2023
812	23	3	2023
813	24	3	2023
814	25	3	2023
815	26	3	2023
816	27	3	2023
817	28	3	2023
818	29	3	2023
819	30	3	2023
820	31	3	2023
821	1	4	2023
822	2	4	2023
823	3	4	2023
824	4	4	2023
825	5	4	2023
826	6	4	2023
827	7	4	2023
828	8	4	2023
829	9	4	2023
830	10	4	2023
831	11	4	2023
832	12	4	2023
833	13	4	2023
834	14	4	2023
835	15	4	2023
836	16	4	2023
837	17	4	2023
838	18	4	2023
839	19	4	2023
840	20	4	2023
841	21	4	2023
842	22	4	2023
843	23	4	2023
844	24	4	2023
845	25	4	2023
846	26	4	2023
847	27	4	2023
848	28	4	2023
849	29	4	2023
850	30	4	2023
851	1	5	2023
852	2	5	2023
853	3	5	2023
854	4	5	2023
855	5	5	2023
856	6	5	2023
857	7	5	2023
858	8	5	2023
859	9	5	2023
860	10	5	2023
861	11	5	2023
862	12	5	2023
863	13	5	2023
864	14	5	2023
865	15	5	2023
866	16	5	2023
867	17	5	2023
868	18	5	2023
869	19	5	2023
870	20	5	2023
871	21	5	2023
872	22	5	2023
873	23	5	2023
874	24	5	2023
875	25	5	2023
876	26	5	2023
877	27	5	2023
878	28	5	2023
879	29	5	2023
880	30	5	2023
881	31	5	2023
882	1	6	2023
883	2	6	2023
884	3	6	2023
885	4	6	2023
886	5	6	2023
887	6	6	2023
888	7	6	2023
889	8	6	2023
890	9	6	2023
891	10	6	2023
892	11	6	2023
893	12	6	2023
894	13	6	2023
895	14	6	2023
896	15	6	2023
897	16	6	2023
898	17	6	2023
899	18	6	2023
900	19	6	2023
901	20	6	2023
902	21	6	2023
903	22	6	2023
904	23	6	2023
905	24	6	2023
906	25	6	2023
907	26	6	2023
908	27	6	2023
909	28	6	2023
910	29	6	2023
911	30	6	2023
912	1	7	2023
913	2	7	2023
914	3	7	2023
915	4	7	2023
916	5	7	2023
917	6	7	2023
918	7	7	2023
919	8	7	2023
920	9	7	2023
921	10	7	2023
922	11	7	2023
923	12	7	2023
924	13	7	2023
925	14	7	2023
926	15	7	2023
927	16	7	2023
928	17	7	2023
929	18	7	2023
930	19	7	2023
931	20	7	2023
932	21	7	2023
933	22	7	2023
934	23	7	2023
935	24	7	2023
936	25	7	2023
937	26	7	2023
938	27	7	2023
939	28	7	2023
940	29	7	2023
941	30	7	2023
942	31	7	2023
943	1	8	2023
944	2	8	2023
945	3	8	2023
946	4	8	2023
947	5	8	2023
948	6	8	2023
949	7	8	2023
950	8	8	2023
951	9	8	2023
952	10	8	2023
953	11	8	2023
954	12	8	2023
955	13	8	2023
956	14	8	2023
957	15	8	2023
958	16	8	2023
959	17	8	2023
960	18	8	2023
961	19	8	2023
962	20	8	2023
963	21	8	2023
964	22	8	2023
965	23	8	2023
966	24	8	2023
967	25	8	2023
968	26	8	2023
969	27	8	2023
970	28	8	2023
971	29	8	2023
972	30	8	2023
973	31	8	2023
974	1	9	2023
975	2	9	2023
976	3	9	2023
977	4	9	2023
978	5	9	2023
979	6	9	2023
980	7	9	2023
981	8	9	2023
982	9	9	2023
983	10	9	2023
984	11	9	2023
985	12	9	2023
986	13	9	2023
987	14	9	2023
988	15	9	2023
989	16	9	2023
990	17	9	2023
991	18	9	2023
992	19	9	2023
993	20	9	2023
994	21	9	2023
995	22	9	2023
996	23	9	2023
997	24	9	2023
998	25	9	2023
999	26	9	2023
1000	27	9	2023
1001	28	9	2023
1002	29	9	2023
1003	30	9	2023
1004	1	10	2023
1005	2	10	2023
1006	3	10	2023
1007	4	10	2023
1008	5	10	2023
1009	6	10	2023
1010	7	10	2023
1011	8	10	2023
1012	9	10	2023
1013	10	10	2023
1014	11	10	2023
1015	12	10	2023
1016	13	10	2023
1017	14	10	2023
1018	15	10	2023
1019	16	10	2023
1020	17	10	2023
1021	18	10	2023
1022	19	10	2023
1023	20	10	2023
1024	21	10	2023
1025	22	10	2023
1026	23	10	2023
1027	24	10	2023
1028	25	10	2023
1029	26	10	2023
1030	27	10	2023
1031	28	10	2023
1032	29	10	2023
1033	30	10	2023
1034	31	10	2023
1035	1	11	2023
1036	2	11	2023
1037	3	11	2023
1038	4	11	2023
1039	5	11	2023
1040	6	11	2023
1041	7	11	2023
1042	8	11	2023
1043	9	11	2023
1044	10	11	2023
1045	11	11	2023
1046	12	11	2023
1047	13	11	2023
1048	14	11	2023
1049	15	11	2023
1050	16	11	2023
1051	17	11	2023
1052	18	11	2023
1053	19	11	2023
1054	20	11	2023
1055	21	11	2023
1056	22	11	2023
1057	23	11	2023
1058	24	11	2023
1059	25	11	2023
1060	26	11	2023
1061	27	11	2023
1062	28	11	2023
1063	29	11	2023
1064	30	11	2023
1065	1	12	2023
1066	2	12	2023
1067	3	12	2023
1068	4	12	2023
1069	5	12	2023
1070	6	12	2023
1071	7	12	2023
1072	8	12	2023
1073	9	12	2023
1074	10	12	2023
1075	11	12	2023
1076	12	12	2023
1077	13	12	2023
1078	14	12	2023
1079	15	12	2023
1080	16	12	2023
1081	17	12	2023
1082	18	12	2023
1083	19	12	2023
1084	20	12	2023
1085	21	12	2023
1086	22	12	2023
1087	23	12	2023
1088	24	12	2023
1089	25	12	2023
1090	26	12	2023
1091	27	12	2023
1092	28	12	2023
1093	29	12	2023
1094	30	12	2023
1095	31	12	2023